--
-- Dumping data for table `usuarios`
--

LOCK TABLES `usuarios` WRITE;
/*!40000 ALTER TABLE `usuarios` DISABLE KEYS */;
INSERT INTO `usuarios` VALUES (1,'e@e.com.ar','a71705297a4295fbf03187836f386ee3','Vendedor 1','20339445436','Vendedor 1','Vendedor 1',0,1),(7,'na@na.com.ar','cc9f19ec67a225f8eff4e65738d1bdb4','nac','nac','nac','nac',0,1),(8,'i@i.com.ar','d41d8cd98f00b204e9800998ecf8427e','santSA','30300000002','','',0,1),(9,'santiagodotras@gmail.com','12afb8048c18ffc21f63d1a24c856a63','','30-00000000-3','santiago','dotras',0,1),(10,'Ignaciom.gonzalez@gmail.com','6ec66e124fb93c190e9207b0b82f542a','Ignaciomgonzalez S.A.','20-33944543-6','Ignacio','Gonzalez',0,1),(12,'santdotras@hotmail.com','3aafca8902c93c810ae9f7245be6a6d8','santisa','20000000000','santiago','dotras',1,1),(13,'santiagodotras@gmail.com','109d8897e2c2cbde455b5c38d0c5c060','santosa','00000000000','santo','dot',2,1),(14,'tomi@tomas.com.ar','536426047fa87a1c71c952f985565a06','tomas','20394857827','Tomas','Maxera',1,1),(15,'tomas@tomas.com.ar','789a65649261a6c6e79de75af5171cc5','tomi','9374729274','Tomi','Max',2,1),(16,'tomas@sandboxdyc.com','4b506c2968184be185f6282f5dcac238','Sandbox','44092848959','Tomas','Maxera',0,1),(17,'estamosarmando@gmail.com','062022ab1bceb2ac5fcc488da54d2217','armando','30300000003','Estamos','Armando',1,0),(18,'fedetoti@hotmail.com','6545a7ca8eb3bc492bb4948c728e3913','','','Federico','',1,1);
/*!40000 ALTER TABLE `usuarios` ENABLE KEYS */;
UNLOCK TABLES;

--
-- Dumping data for table `AuthItem`
--

LOCK TABLES `AuthItem` WRITE;
/*!40000 ALTER TABLE `AuthItem` DISABLE KEYS */;
INSERT INTO `AuthItem` VALUES ('admin',0,'',NULL,'N;'),('clientes',1,'',NULL,'N;'),('vendedores',2,'',NULL,'N;');
/*!40000 ALTER TABLE `AuthItem` ENABLE KEYS */;
UNLOCK TABLES;

--
-- Dumping data for table `AuthAssignment`
--

LOCK TABLES `AuthAssignment` WRITE;
/*!40000 ALTER TABLE `AuthAssignment` DISABLE KEYS */;
INSERT INTO `AuthAssignment` VALUES ('admin','10',NULL,'N;'),('admin','11',NULL,'N;'),('admin','16',NULL,'N;'),('admin','7',NULL,'N;'),('admin','8',NULL,'N;'),('clientes','1',NULL,'N;'),('clientes','12',NULL,'N;'),('clientes','14',NULL,'N;'),('clientes','17',NULL,'N;'),('clientes','18',NULL,'N;'),('clientes','2',NULL,'N;'),('clientes','3',NULL,'N;'),('clientes','4',NULL,'N;'),('clientes','5',NULL,'N;'),('clientes','6',NULL,'N;'),('clientes','8',NULL,'N;'),('vendedores','13',NULL,'N;'),('vendedores','15',NULL,'N;'),('vendedores','8',NULL,'N;');
/*!40000 ALTER TABLE `AuthAssignment` ENABLE KEYS */;
UNLOCK TABLES;

--
-- Dumping data for table `AuthItemChild`
--

LOCK TABLES `AuthItemChild` WRITE;
/*!40000 ALTER TABLE `AuthItemChild` DISABLE KEYS */;
/*!40000 ALTER TABLE `AuthItemChild` ENABLE KEYS */;
UNLOCK TABLES;

--
-- Dumping data for table `categorias`
--

LOCK TABLES `categorias` WRITE;
/*!40000 ALTER TABLE `categorias` DISABLE KEYS */;
INSERT INTO `categorias` VALUES (1,'Asientos de inodoro linea inyectado\n'),(2,'Asientos de inodoro linea soplado'),(3,'Piletas'),(4,'Depositos Mochila'),(5,'Repuestos'),(6,'Conexiones Flexibles'),(7,'Desagües'),(8,'Canillas de jardin'),(9,'Acoples de compresión'),(10,'Fuelles'),(11,'Repuestos'),(12,'Sifones'),(13,'Grifería Baño'),(14,'Grifería Cocina'),(15,'Accesorios para Baño'),(16,'Alfombras para Baño');
/*!40000 ALTER TABLE `categorias` ENABLE KEYS */;
UNLOCK TABLES;

--
-- Dumping data for table `productos`
--

LOCK TABLES `productos` WRITE;
/*!40000 ALTER TABLE `productos` DISABLE KEYS */;
INSERT INTO `productos` VALUES (1,'AS00300/0','Blanco','Sifolimp','Rectangular Universal',1,'Caja x 10 unidades','ASIENTOS_RECTANGULAR.jpg',100),(2,'AS003400/0','Blanco','Sifolimp','Oval Universal',1,'Caja x 10 unidades','ASIENTOS_OVAL.jpg',100),(3,'AS00110/0','Blanco','Sifolimp','Florencia',2,'Caja x 12 unidades','ASIENTOS_BLANCO.jpg',100),(4,'AS00180/0','Duna','Sifolimp','Florencia',2,'Caja x 12 unidades','ASIENTOS_DUNA.jpg',100),(5,'AS00130/0','Fuerza Aerea','Sifolimp','Florencia',2,'Caja x 12 unidades','ASIENTOS_FUERZA_AEREA.jpg',100),(6,'AS00170/0','Gris','Sifolimp','Florencia',2,'Caja x 12 unidades','ASIENTOS_GRIS.jpg',100),(7,'AS00120/0','Negro','Sifolimp','Florencia',2,'Caja x 12 unidades','ASIENTOS_NEGRO.jpg',100),(8,'AS00150/0','Vainilla','Sifolimp','Florencia',2,'Caja x 12 unidades','ASIENTOS_VAINILLA.jpg',100),(9,'AS00160/0','Dorado','Sifolimp','Florencia',2,'Caja x 12 unidades','ASIENTOS_DORADO.jpg',100),(10,'AS00200/0','Blanco','Sifolimp','Pilar',2,'Caja x 10 unidades','ASIENTOS_PILAR.jpg',100),(11,'PI100/0','Pileta con fregadero capacidad 22lt','Sifolimp','Lavadero',3,'Caja x 5 unidades','PILETA_SIMPLE.jpg',100),(12,'PI100/1','Pileta con fregadero capacidad 22lt con mesada. Incluye una mesada y una jabonera','Sifolimp','Lavadero Mesada Simple',3,'Caja x 5 unidades','PILETA_MESADA.jpg',100),(13,'PI100/2','Pileta con fregadero capacidad 22lt con doble mesada. Incluye dos mesadas y dos jaboneras','Sifolimp','Lavadero Mesada Doble',3,'Caja x 6 unidades','PILETA_MESADA_DOBLE.jpg',100),(14,'DE20001/1','Caja de Descarga a Cadena. Capacidad: 11 litros','Sifolimp','Depósito a cadena',4,'Caja x 6 unidades','CAJA_DESCARGA.jpg',100),(15,'DE20003/3','Mochila con Tirador. Capacidad: 16 litros','Sifolimp','Mochila de Descarga ',4,'Caja x 5 unidades','MOCHILA_TIRADOR.jpg',100),(16,'DE20002/2','Mochila con Boton. Capacidad: 16 litros','Sifolimp','Mochila de Descarga ',4,'Caja x 6 unidades','MOCHILA_BOTON.jpg',100),(17,'RE0042/0','para mochila con Tirador','Sifolimp','Tapas de Mochila',5,'Caja x 12 unidades','REPUESTO_TAPA_MOCHILA_TIRADOR.jpg',100),(18,'RE0043/01','para mochila con Boton','Sifolimp','Tapas de Mochila',5,'Caja x 12 unidades','REPUESTO_TAPA_MOCHILA.jpg',100),(19,'RE0041/0','','Sifolimp','Tirador de Mochila Universal',5,'Caja x 12 unidades','REPUESTO_TIRADOR.jpg',100),(20,'RE044','','Sifolimp','Boton Cromado',5,'Caja x 12 unidades','BOTON_CROMO.jpg',100),(21,'RE0039/0','para Mochila','Sifolimp','Valvula de Descarga',5,'Caja x 12 unidades','VALV_DESCARGA_MOCHILA.jpg',100),(22,'RE0040/0','para Deposito a Cadena','Sifolimp','Valvula de Descarga',5,'Caja x 12 unidades','VALV_DESCARGA_DEPOSITO.jpg',100),(23,'RE0038/0','Inferior para Mochila','Sifolimp','Valvula de Entrada',5,'Caja x 12 unidades','VALV_ENTRADA_MOCHILA.jpg',100),(24,'RE0034/0','Lateral para Deposito a Cadena','Sifolimp','Valvula de Entrada',5,'Caja x 12 unidades','VALV_ENTRADA_DEPOSITO.jpg',100),(25,'RE00010/0','para asiento de inodoro','Sifolimp','Tornillos',5,'Bolsa x 50 unidades','REPUESTOS_TORNILLOS.jpg',100),(26,'CH0400/6','Conexión flexible en poliopropileno gris macho/hembra','Sifolimp','1/2´ x 20 cm.',6,'Bolsa x 100 unidades','CHICOTE.jpg',100),(27,'CH0401/4','Conexión flexible en poliopropileno gris macho/hembra','Sifolimp','1/2´ x 30 cm.',6,'Bolsa x 100 unidades','CHICOTE.jpg',100),(28,'CH0402/2','Conexión flexible en poliopropileno gris macho/hembra','Sifolimp','1/2´ x 40 cm.',6,'Bolsa x 100 unidades','CHICOTE.jpg',100),(29,'CH0403/0','Conexión flexible en poliopropileno gris macho/hembra','Sifolimp','1/2´ x 50 cm.',6,'Bolsa x 100 unidades','CHICOTE.jpg',100),(30,'SP0700/9','Sopapa de 40mm con rejilla de acero inoxidable, incluye tapa','Sifolimp','de Lavatorio',7,'Bolsa x 100 unidades','SOPAPA_40.jpg',100),(31,'SP0600/0','Sopapade 40mm, ROSCADA con rejilla de acero inoxidable, incluye tapa','Sifolimp','de Lavatorio',7,'Bolsa x 100 unidades','SOPAPA_ROSCADA_40.jpg',100),(32,'SP0700/5','Sopapa de 50mm con rejilla de acero inosidable, incluye tapa','Sifolimp','de Pileta',7,'Bolsa x 100 unidades','SOPAPA_50.jpg',100),(33,'SP0600/1','Sopapa de 50mm, ROSCADA, con rejilla de acero inoxidable, incluye tapa','Sifolimp','de Pileta',7,'Bolsa x 100 unidades','SOPAPA_ROSACADA_50.jpg',100),(34,'SP0701/3','Con rejilla de acero inoxidable, incluye tapa','Sifolimp','de Bañera',7,'Bolsa x 100 unidades','SOPAPA_BANERA.jpg',100),(35,'SP0800/1','a Codo con rejilla de acero inoxidable. Medida: 8 x 8 cm','Sifolimp','Receptaculo ',7,'Bolsa x 100 unidades','RECEPTACULO_CODO.jpg',100),(36,'SP0800/4','Recto de 40 mm con rejilla de 8 x 8 cm','Sifolimp','Receptaculo ',7,'Bolsa x 100 unidades','RECEPTACULO_RECTO.jpg',100),(37,'CA0200/4','1/2` con Manga','Sifolimp','a Vastago',8,'Bolsa x 100 unidades','CANILLA_MARFIL_1-2.jpg',100),(38,'CA0204/6','1/2` sin Manga','Sifolimp','a Vastago',8,'Bolsa x 100 unidades','CANILLA_MARFIL_1-2.jpg',100),(39,'CA0201/1','3/4 con Manga','Sifolimp','a Vastago',8,'Bolsa x 100 unidades','CANILLA_MARFIL_1-2.jpg',100),(40,'CA0205/4','3/4` sin Manga','Sifolimp','a Vastago',8,'Bolsa x 100 unidades','CANILLA_MARFIL_1-2.jpg',100),(41,'CA20117/01','1/2` con Manga','Sifolimp','Esferica',8,'Bolsa x 100 unidades','CANILLA_ESFERICA_1-2.jpg',100),(42,'CA20116/02','1/2` sin Manga','Sifolimp','Esferica',8,'Bolsa x 100 unidades','CANILLA_ESFERICA_1-2.jpg',100),(43,'CA20117/03','3/4 con Manga','Sifolimp','Esferica',8,'Bolsa x 100 unidades','CANILLA_ESFERICA_1-2.jpg',100),(44,'CA20116/04','3/4` sin Manga','Sifolimp','Esferica',8,'Bolsa x 100 unidades','CANILLA_ESFERICA_1-2.jpg',100),(45,'AO012/0','1/2` ','Sifolimp','Standard',9,'Bolsa x 100 unidades','ACOPLE_1-2.jpg',100),(46,'AO034/0','3/4`','Sifolimp','Standard',9,'Bolsa x 100 unidades','ACOPLE_3-4.jpg',100),(47,'AO001/0','1`','Sifolimp','Standard',9,'Bolsa x 100 unidades','ACOPLE_1.jpg',100),(48,'AO012/1','1/2` ','Sifolimp','Profesional',9,'Bolsa x 100 unidades','ACOPLE_1-2.jpg',100),(49,'AO034/1','3/4`','Sifolimp','Profesional',9,'Bolsa x 100 unidades','ACOPLE_3-4.jpg',100),(50,'RE0109/3','40mm con tuerca','Sifolimp','de Sifon',10,'Bolsa x 50 unidades','FUELLE_SIFON_ROSCA_40.jpg',100),(51,'RE0103/3','50mm con tuerca','Sifolimp','de Sifon',10,'Bolsa x 50 unidades','FUELLE_SIFON_ROSCA_50.jpg',100),(52,'RE0103/1','50mm sin tuerca','Sifolimp','de Sifon',10,'Bolsa x 50 unidades','FUELLE_SIFON_SIN_ROSCA.jpg',100),(53,'CN0500/2','de PVC flexible','Sifolimp','de Inodoro',10,'Bolsa x 100 unidades','FUELLE_INODORO.jpg',100),(54,'RE0300/0','para Mochila Universal','Sifolimp','de Mochila',10,'Bolsa x 50 unidades','FUELLE_UNIVERSAL.jpg',100),(55,'RE0301/0','para Mochila SIFOLIMP','Sifolimp','de Mochila',10,'Bolsa x 50 unidades','FUELLE_MOCHILA_SIFOLIMP.jpg',100),(56,'RE0601/7','de sopapa de 40 mm','Sifolimp','Arandela ',5,'Bolsa x 100 unidades','REPUESTO_ARANDELA_SOPAPA40.jpg',100),(57,'RE0702/1','de sopapa de 50 mm','Sifolimp','Arandela ',5,'Bolsa x 100 unidades','REPUESTO_ARANDELA_SOPAPA50.jpg',100),(58,'RE0700/8','de sopapa de 40 mm','Sifolimp','Tapa ',5,'Bolsa x 100 unidades','REPUESTO_TAPAS_SOPAPAS40.jpg',100),(59,'RE0700/4','de sopapa de 50 mm','Sifolimp','Tapa ',5,'Bolsa x 100 unidades','REPUESTO_TAPAS_SOPAPAS50.jpg',100),(60,'RE0210/0','para canilla de 1/2`','Sifolimp','Manga ',5,'Bolsa x 100 unidades','REPUESTO_PICO_CANILLA.jpg',100),(61,'RE0211/9','para canilla de 3/4`','Sifolimp','Manga ',5,'Bolsa x 100 unidades','REPUESTO_PICO_CANILLA.jpg',100),(62,'RE0002/5','conico para sifon de 50 mm','Sifolimp','O`ring ',5,'Bolsa x 100 unidades','REPUESTO_ARANDELA_CONICA_50.jpg',100),(63,'RE0700/9','para sopapa roscada','Sifolimp','Adaptador',5,'Bolsa x 100 unidades','REPUESTO_ADAPATADOR.jpg',100),(64,'SF0107/6','de 40 mm para lavatorio','Sifolimp','Simples',12,'Bolsa x 50 unidades','SIFON_SIMPLE_40.jpg',100),(65,'SF0115/9','de 50 mm sin acceso','Sifolimp','Simples',12,'Bolsa x 50 unidades','SIFON_SIMPLE_SACC.jpg',100),(66,'SF0100/7','de 50 mm con acceso directo a la cañería','Sifolimp','Simples',12,'Bolsa x 50 unidades','SIFON_SIMPLE_CACC.jpg',100),(67,'SF0200/0','de PVC flexible color negro','Sifolimp','Simples',12,'Caja x 10 unidades','SIFON_SIMPLE_PVC.jpg',100),(68,'SF0015/01','con acceso de Lavadora','Sifolimp','Simples',12,'Bolsa x 20 unidades','SIFON_SIMPLE_LAVADORA.jpg',100),(69,'SF0117/0','de 50 mm sin acceso','Sifolimp','Dobles',12,'Bolsa x 25 unidades','SIFON_DOBLE_SACC.jpg',100),(70,'SF0101/5','de 50 mm con acceso','Sifolimp','Dobles',12,'Bolsa x 25 unidades','SIFON_DOBLE_CACC.jpg',100),(71,'SF0201/2','de PVC flexible color negro','Sifolimp','Dobles',12,'Caja x 10 unidades','SIFON_DOBLE_PVC.jpg',100),(72,'SF0016/01','con acceso a Lavadora','Sifolimp','Dobles',12,'Bolsa x 10 unidades','SIFON_DOBLE_LAVADORA.jpg',100),(73,'SF0121/5','Esquinero para piletas de doble bacha','Sifolimp','Especiales',12,'Caja x 10 unidades','SIFON_ESQUINERO.jpg',100),(74,'SF0120/3','Extrachato para piletas de doble bacha con espacio reducido','Sifolimp','Especiales',12,'Caja x 10 unidades','SIFON_EXTRACHATO.jpg',100),(75,'SF0110/4','Triple','Sifolimp','Especiales',12,'Caja x 10 unidades','SIFON_TRIPLE.jpg',100),(76,'SF0122/7','para Doble altura','Sifolimp','Especiales',12,'Caja x 10 unidades','SIFON_ESPECIAL_DOBLE_ALTURA.jpg',100),(77,'SF0115/99','simple para sopapa roscada','Sifolimp','Especiales',12,'Bolsa x 50 unidades','SIFON_SIMPLE_ROSCADA.jpg',100),(78,'SF0117/10','doble para sopapa roscada','Sifolimp','Especiales',12,'Bolsa x 25 unidades','SIFON_DOBLE_ROSCADA.jpg',100),(79,'GVCA0101/9','Blanca','Acqua','Canilla Lavatorio 1 agua',13,'Caja x 12 unidades','CAN_LAVATORIO_BL.jpg',100),(80,'GVCA0150/3','Cromo','Acqua','Canilla Lavatorio 1 agua',13,'Caja x 12 unidades','CAN_LAVATORIO_CR.jpg',100),(81,'GVCA0701/0','Blanca Esferica','Acqua','Canilla Lavatorio 1 agua',13,'Caja x 12 unidades','CAN_LAV_ESFERICA_BL.jpg',100),(82,'GVCA0301/6','Blanco','Acqua','Canilla Mezcladora ',13,'Caja x 6 unidades','MEZ_LAVATORIO_BLANCA.jpg',100),(83,'GVCA0350/1','Cromo','Acqua','Canilla Mezcladora ',13,'Caja x 6 unidades','MEZ_LAVATORIO_CROMO.jpg',100),(84,'GVCA0301/7','Blanco pico alto','Acqua','Canilla Mezcladora ',13,'Caja x 6 unidades','MEZ_LAV_BLANCO_PICO_ALTO.jpg',100),(85,'GVCA0350/2','Cromo pico alto','Acqua','Canilla Mezcladora ',13,'Caja x 6 unidades','MEZ_PICO_ALTO_CROMO.jpg',100),(86,'GVBD0102/1','Blanco','Acqua','Bidet',13,'Caja x 6 unidades','BIDET_BLANCO.jpg',100),(87,'GVBD0100/8','Cromo','Acqua','Bidet',13,'Caja x 6 unidades','BIDET_CROMO.jpg',100),(88,'GVDU0614/1','con Transferencia Blanca','Acqua','Ducha',13,'Caja x 6 unidades','DUCHA_C_TRANSF_BLANCO.jpg',100),(89,'GVDU0607/8','con Transferencia Cromo','Acqua','Ducha',13,'Caja x 6 unidades','DUCHA_C_TRANSF_CROMO.jpg',100),(90,'GVDU0610/1','sin Transferencia Blanca','Acqua','Ducha',13,'Caja x 6 unidades','DUCHA_S_TRANSF_BLANCO.jpg',100),(91,'GVDU0609/8','sin Transferencia Cromo','Acqua','Ducha',13,'Caja x 6 unidades','DUCHA_S_TRANSF_CROMO.jpg',100),(92,'DU0605/0','Regulable Blanca','Acqua','Ducha',13,'Bolsa x 100 unidades','DUCHA_REGULABLE_BL.jpg',100),(93,'DU0606/8','Regulable Cromo','Acqua','Ducha',13,'Bolsa x 100 unidades','DUCHA_REGULABLE_CR.jpg',100),(94,'GVCA0605/6','Blanca','Acqua','Canilla Mesada 1 agua',14,'Caja x 12 unidades','CAN_UN AGUA_MESADA_BL.jpg',100),(95,'GVCA0605/7','Cromo','Acqua','Canilla Mesada 1 agua',14,'Caja x 12 unidades','CAN_UN AGUA_MESADA_CR.jpg',100),(96,'GVCA0700/0','Blanca Esferica','Acqua','Canilla Mesada 1 agua',14,'Caja x 12 unidades','CAN_MESADA_UN_AGUA_ESFERICA_BL.jpg',100),(97,'GVCA0605/8','Blanca','Acqua','Canilla Pared 1 agua',14,'Caja x 12 unidades','CAN_UN_AGUA_PARED_BL.jpg',100),(98,'GVCA0605/9','Cromo','Acqua','Canilla Pared 1 agua',14,'Caja x 12 unidades','CAN_UN_AGUA_PARED_CR.jpg',100),(99,'GVCA00116/01','Blanca pico metal','Acqua','Canilla Mezcladora Mesada',14,'Caja x 6 unidades','MEZ_COCINA_BL.jpg',100),(100,'GVCA00116/03','Blanca pico ABS','Acqua','Canilla Mezcladora Mesada',14,'Caja x 6 unidades','MEZ_COCINA_BL_PICO_PLASTICO.jpg',100),(101,'GVCA00116/50','Cromo pico metal','Acqua','Canilla Mezcladora Mesada',14,'Caja x 6 unidades','MEZ_COCINA.jpg',100),(102,'GVCA00116/05','Blanca','Acqua','Canilla Mezcladora Pared',14,'Caja x 6 unidades','MEZ_COCINA_PARED_BL.jpg',100),(103,'GVCA00116/52','Cromo pico metal','Acqua','Canilla Mezcladora Pared',14,'Caja x 6 unidades','MEZ_COCINA_PARED_CR.jpg',100),(104,'AC0626/2','Blanca','Acqua','Jabonera',15,'Caja x 24 unidades','JABONERA_BL.jpg',100),(105,'AC0626/3','Cromo','Acqua','Jabonera',15,'Caja x 24 unidades','JABONERA_CR.jpg',100),(106,'AC0626/6','Blanco','Acqua','Porta Cepillo y Vaso',15,'Caja x 24 unidades','PORTACEPILLO_BL.jpg',100),(107,'AC0626/4','Cromo','Acqua','Porta Cepillo y Vaso',15,'Caja x 24 unidades','PORTACEPILLO_CR.jpg',100),(108,'AC0625/2','Blanco ','Acqua','Toallero',15,'Caja x 12 unidades','TOALLERO_BL.jpg',100),(109,'AC0625/3','Cromo','Acqua','Toallero',15,'Caja x 12 unidades','TOALLERO_CR.jpg',100),(110,'AC0626/1','Blanco','Acqua','Perchero',15,'Caja x 24 unidades','PERCHERO_BL.jpg',100),(111,'AC0625/4','Cromo','Acqua','Perchero',15,'Caja x 24 unidades','PERCHERO_CR.jpg',100),(112,'AC0626/5','Blanco','Acqua','Porta Rollo',15,'Caja x 24 unidades','PORTAROLLO_BL.jpg',100),(113,'AC0626/7','Cromo','Acqua','Porta Rollo',15,'Caja x 24 unidades','PORTAROLLO_CR.jpg',400),(114,'AC0627/0','Incluye: Jabonera - Portarrollo - Portacepillo - Toallero - 1 percha','Acqua','Kit x 5 Piezas (BLANCO)',15,'Caja x 6 unidades','KIT_ACCESORIOS_BL.jpg',100),(115,'AC0627/1','Incluye: Jabonera - Portarrollo - Portacepillo - Toallero - 1 percha','Acqua','Kit x 5 Piezas (CROMO)',15,'Caja x 6 unidades','KIT_ACCESORIOS_CR.jpg',100),(116,'AC0625/8','Incluye: Jabonera - Portarrollo - Portacepillo - Toallero - 2 perchas - Vaso','Acqua','Kit x 7 Piezas (BLANCO)',15,'Caja x 6 unidades','KIT_ACCESORIOS_BL.jpg',100),(117,'AC0625/7','Incluye: Jabonera - Portarrollo - Portacepillo - Toallero - 2 perchas - Vaso','Acqua','Kit x 7 Piezas (CROMO)',15,'Caja x 6 unidades','KIT_ACCESORIOS_CR.jpg',100),(118,'UD50194/07','Consultar por stock y colores disponibles','Acqua','Hoja x 4 u.',1,'Bolsa x 4 unidades','HOJA.jpg',100),(119,'UD50196/03','Consultar por stock y colores disponibles','Acqua','Oso x 4 u.',1,'Bolsa x 4 unidades','OSO.jpg',100),(120,'UD50195/07','Consultar por stock y colores disponibles','Acqua','Pata x 4 u.',1,'Bolsa x 4 unidades','PATA.jpg',100),(121,'UD50197/07','Consultar por stock y colores disponibles','Acqua','Sol x 4 u.',1,'Bolsa x 4 unidades','SOL.jpg',100),(122,'UD50198/07','Consultar por stock y colores disponibles','Acqua','Pie Grande x 2 u.',1,'Bolsa x 2 unidades','PIE_GRANDE.jpg',100),(123,'RE0613/0','para Mezcladora Lavatorio y Bidet','Acqua','Conexión TE',5,'Bolsa x 6 unidades','CONEXION_T_BIDET-LAVATORIO.jpg',100),(124,'RE0800/0','Blanca','Acqua','Campana mezcladora',5,'Bolsa x 6 unidades','CAMPANA_BL.jpg',100),(125,'RE0800/1','Cromo','Acqua','Campana mezcladora',5,'Bolsa x 6 unidades','CAMPANA_CR.jpg',100),(126,'RE0615/0','Blanco','Acqua','Volante',5,'Bolsa x 6 unidades','VOLANTE_BL.jpg',100),(127,'RE0614/0','Cromo','Acqua','Volante',5,'Bolsa x 6 unidades','VOLANTE_CR.jpg',100),(128,'RE0613/2','para Mezcladora de Cocina','Acqua','Vastagos',5,'Bolsa x 6 unidades','REPUESTO_VASTAGOS_COCINA.jpg',100),(129,'RE0612/0','para Mezcladora de Lavatorio','Acqua','Vastagos',5,'Bolsa x 6 unidades','REPUESTO_VASTAGOS_LAVATORIO.jpg',100),(130,'RE0611/0','para Canilla Lavatorio 1 agua','Acqua','Vastagos',5,'Bolsa x 6 unidades','REPUESTO_VASTAGOS_CANILLA_1AGUA.jpg',100),(131,'RE002/01','para Transferencia Bidet','Acqua','Vastagos',5,'Bolsa x 6 unidades','REPUESTO_VASTAGOS_TRANSFERENCIA_BIDET.jpg',100),(132,'RE001/02','para Transferencia Ducha','Acqua','Vastagos',5,'Bolsa x 6 unidades','REPUESTO_VASTAGOS_TRANSFERENCIA_DUCHA.jpg',100),(133,'RE0616/0','de Ducha cromo','Acqua','Picos',5,'Bolsa x 6 unidades','REPUESTOS_PICO_DUCHA.jpg',100),(134,'RE0605/5','1 agua con manguera y flor cromo','Acqua','Bidet',5,'Caja x 6 unidades','REPUESTOS_BIDET_cMANGUERA.jpg',100),(135,'LIPZRMC45','de Cocina','','Picos',5,'Bolsa x 6 unidades','REPUESTOS_PICO_COCINA.jpg',100),(136,'sifo','sifo','Sifolimp','sifo',1,'sifo','sifo',300),(137,'imagen','imagen','Sifolimp','imagen',16,'imagen',NULL,200);
/*!40000 ALTER TABLE `productos` ENABLE KEYS */;
UNLOCK TABLES;

--
-- Dumping data for table `pedidos`
--

LOCK TABLES `pedidos` WRITE;
/*!40000 ALTER TABLE `pedidos` DISABLE KEYS */;
INSERT INTO `pedidos` VALUES (1,1,'2014-01-13 13:43:55',1),(8,1,'2014-08-13 13:43:55',1),(9,1,'2014-09-13 13:43:55',3),(10,1,'2014-10-13 13:43:55',1),(14,1,'2015-03-29 22:38:17',2),(16,12,'2015-04-06 11:18:04',2),(17,8,'2015-04-06 11:32:33',1),(18,12,'2015-04-06 11:32:49',1),(19,8,'2015-04-06 11:33:57',3),(20,12,'2015-04-06 11:34:08',1),(21,12,'2015-04-06 11:37:20',2),(22,10,'2015-04-15 10:57:49',1),(23,10,'2015-04-15 11:02:13',1),(24,16,'2015-04-15 11:05:57',3),(25,12,'2015-04-16 11:26:01',1),(26,12,'2015-04-16 11:33:16',1),(27,12,'2015-04-16 11:34:29',1),(28,12,'2015-04-16 11:38:57',1),(29,12,'2015-04-23 15:52:12',1),(30,16,'2015-04-23 16:48:49',1),(31,7,'2015-04-23 16:52:15',1),(32,14,'2015-04-25 21:47:42',1),(33,16,'2015-04-27 15:56:04',1),(34,16,'2015-04-29 10:52:20',1),(35,7,'2015-04-29 10:54:31',1),(36,10,'2015-04-29 11:26:26',2),(37,12,'2015-04-30 11:12:40',1),(38,12,'2015-04-30 11:20:09',1),(39,12,'2015-04-30 11:24:36',1),(40,12,'2015-04-30 11:29:29',1),(41,12,'2015-04-30 11:31:59',1),(42,12,'2015-04-30 11:32:03',1),(43,16,'2015-05-02 20:39:31',2);
/*!40000 ALTER TABLE `pedidos` ENABLE KEYS */;
UNLOCK TABLES;

--
-- Dumping data for table `pedidosproductos`
--

LOCK TABLES `pedidosproductos` WRITE;
/*!40000 ALTER TABLE `pedidosproductos` DISABLE KEYS */;
INSERT INTO `pedidosproductos` VALUES (1,1,0),(1,2,0),(1,3,0),(14,1,0),(14,2,0),(14,3,0),(16,1,0),(16,2,0),(16,3,0),(16,4,0),(17,50,0),(17,52,0),(17,54,0),(18,50,0),(18,52,0),(18,54,0),(19,1,0),(19,4,0),(19,6,0),(20,1,0),(20,4,0),(20,6,0),(21,1,0),(21,4,0),(21,6,0),(22,1,0),(22,2,0),(23,1,0),(23,2,0),(23,3,0),(24,3,0),(24,4,0),(24,5,0),(24,6,0),(24,7,0),(24,14,0),(24,15,0),(24,16,0),(25,1,0),(25,4,0),(25,6,0),(26,1,0),(26,5,0),(26,11,0),(26,13,0),(26,16,0),(26,34,0),(26,87,0),(27,1,0),(27,2,0),(27,3,0),(28,1,0),(28,2,0),(28,3,0),(29,1,3),(29,2,4),(29,3,2),(30,1,4),(30,3,6),(31,1,4),(31,3,6),(31,7,8),(31,10,1),(31,13,5),(32,1,1),(33,1,10),(33,24,20),(33,38,30),(34,1,10),(34,13,10),(34,19,20),(35,1,10),(35,13,10),(35,19,20),(35,24,1),(35,25,2),(35,27,3),(36,1,10),(36,13,10),(36,19,20),(37,1,7),(37,2,8),(37,90,5),(38,1,7),(38,2,8),(38,3,2),(38,90,5),(39,1,7),(39,2,8),(39,3,2),(39,90,5),(40,1,1),(40,2,1),(41,1,1),(41,2,1),(42,1,1),(42,2,1),(43,1,3),(43,2,5),(43,3,3),(43,4,4),(43,5,2),(43,11,3),(43,12,4),(43,14,3),(43,17,1);
/*!40000 ALTER TABLE `pedidosproductos` ENABLE KEYS */;
UNLOCK TABLES;